Query filter,Optimal (NN 512),Computed (NN 512),Max (NN 512)
11,0.578947,0.60401,0.67696
12,0.596939,0.601036,0.703431
13,0.56599,0.622829,0.675545
14,0.577215,0.588972,0.682578
15,0.575448,0.6,0.690307
16,0.5675,0.578164,0.692308
17,0.562025,0.574307,0.664251
18,0.586735,0.631841,0.675481
19,0.563776,0.618454,0.690244
20,0.572519,0.616915,0.669903
