QFNN256,OptimalNN256,ComputedNN256,MaxNN256
1,0.575419,0.607143,0.697561
2,0.535714,0.561224,0.712264
3,0.557292,0.557292,0.739336
4,0.563452,0.563452,0.68599
5,0.561224,0.572864,0.692308
6,0.549223,0.591837,0.700483
7,0.553299,0.553846,0.702439
8,0.542105,0.593909,0.734884
9,0.542105,0.59,0.68599
10,0.57868,0.59901,0.683486
