Query filter,Optimal (NN 256),Computed (NN 256)
1,0.565445,0.59901
2,0.551546,0.551546
3,0.563158,0.586735
4,0.540404,0.569307
5,0.555556,0.585
6,0.552083,0.585859
7,0.567164,0.569231
8,0.557292,0.581633
9,0.56701,0.59901
10,0.554455,0.554455
