Filters: 100, elements: 50, filter size: 256, hash functions: 4, query filters: 10
0.550505,0.581633,,0.532258,0.55102,0.570707,0.547368,0.582011,0.545455,0.576531,0.543147
0.572165,0.604061,0.577320.55102,0.592784,0.6150.605128,0.545455,0.605128,0.572165
