Query filter,Optimal (NN 512),Computed (NN 512),
11,0.593176,0.609694,
12,0.568528,0.605,
13,0.571066,0.587179,
14,0.585302,0.620347,
15,0.586735,0.617722,
16,0.577889,0.573265,
17,0.544503,0.614213,
18,0.564644,0.606061,
19,0.578005,0.582051,
20,0.605598,0.581579,
