Filters: 100, elements: 50, filter size: 256, hash functions: 4, query filters: 10
0.550505,0.581633,0.532258,0.55102,0.570707,0.547368,0.582011,0.545455,0.576531,0.543147
0.552239,0.585,0.570681,0.561576,0.581633,0.571429,0.593909,0.553299,0.579487,0.55
0.560606,0.586387,0.570681,0.563452,0.584158,0.57868,0.593909,0.558824,0.59375,0.564103
