QFNN256,OptimalNN256,ComputedNN256,MaxNN256
0,0.556701,0.581281,0.68599
1,0.528497,0.564767,0.67907
2,0.57513,0.57732,0.700483
3,0.520408,0.593137,0.699531
4,0.54902,0.561224,0.669767
5,0.572139,0.593909,0.698565
6,0.518519,0.585,0.68599
7,0.581633,0.59,0.70892
8,0.542714,0.570707,0.668246
9,0.52356,0.57868,0.717593
