QFNN256,OptimalNN256,ComputedNN256,MaxNN256
0,0.546448,0.546448,0.713592
1,0.530055,0.530055,0.715686
2,0.540984,0.540984,0.701422
3,0.547368,0.547368,0.71831
4,0.513228,0.513228,0.7109
5,0.552083,0.552083,0.690821
6,0.551546,0.551546,0.690141
7,0.545455,0.545455,0.740566
8,0.559585,0.559585,0.700483
9,0.574359,0.574359,0.71831
