QFNN256,OptimalNN256,ComputedNN256,MaxNN256
0,0.553191,0.553191,0.707317
1,0.554974,0.584211,0.699507
2,0.568421,0.568421,0.690141
3,0.562842,0.562842,0.703883
4,0.545918,0.545918,0.69378
5,0.569231,0.576531,0.712264
6,0.571429,0.571429,0.705314
7,0.556701,0.556701,0.698492
8,0.544041,0.544041,0.7
9,0.551546,0.551546,0.691176
