QFNN256,OptimalNN256,ComputedNN256,MaxNN256
0,0.561856,0.561856,0.695238
1,0.55102,0.55102,0.70892
2,0.565,0.565,0.697115
3,0.567708,0.567708,0.681159
4,0.558974,0.558974,0.69802
5,0.53886,0.53886,0.7
6,0.558511,0.558511,0.727273
7,0.569231,0.569231,0.704433
8,0.530928,0.530928,0.686275
9,0.560209,0.560209,0.711628
