QFNN256,OptimalNN256,ComputedNN256,MaxNN256
0,0.540404,0.540404,0.71831
1,0.541667,0.547739,0.678049
2,0.574468,0.574468,0.695652
3,0.57732,0.592784,0.747619
4,0.55,0.55,0.682464
5,0.560209,0.560209,0.697561
6,0.507772,0.507772,0.694836
7,0.566327,0.566327,0.719048
8,0.574359,0.574359,0.704433
9,0.53886,0.53886,0.697115
