QFNN256,OptimalNN256,ComputedNN256,MaxNN256
0,0.561224,0.59799,0.713615
1,0.565657,0.585859,0.706161
2,0.559585,0.569231,0.701923
3,0.530612,0.530612,0.694836
4,0.538071,0.581281,0.675926
5,0.5625,0.583756,0.694836
6,0.561224,0.561224,0.699531
7,0.554404,0.58209,0.682464
8,0.572165,0.572864,0.716279
9,0.569149,0.569149,0.705607
