QFNN256,OptimalNN256,ComputedNN256,MaxNN256
0,0.552239,0.552239,0.671498
1,0.578125,0.578125,0.685714
2,0.591623,0.595855,0.686275
3,0.546875,0.546875,0.70892
4,0.545,0.555556,0.69378
5,0.569231,0.569231,0.696078
6,0.571429,0.571429,0.720379
7,0.554404,0.554404,0.705314
8,0.584211,0.590426,0.706731
9,0.573604,0.576531,0.693396
