QFNN256,OptimalNN256,ComputedNN256,MaxNN256
0,0.541237,0.541237,0.690141
1,0.556701,0.556701,0.705314
2,0.55102,0.55102,0.676056
3,0.549505,0.549505,0.671429
4,0.569892,0.569892,0.692683
5,0.515,0.515,0.679245
6,0.5625,0.5625,0.691943
7,0.558974,0.558974,0.682243
8,0.553763,0.553763,0.714286
9,0.536458,0.536458,0.68932
