QFNN256,OptimalNN256,ComputedNN256,MaxNN256
0,0.573604,0.586735,0.706731
1,0.565657,0.575758,0.712919
2,0.586735,0.59596,0.717073
3,0.569307,0.580808,0.713615
4,0.53886,0.53886,0.707547
5,0.553846,0.553846,0.714953
6,0.57868,0.589109,0.705882
7,0.565445,0.587065,0.712264
8,0.542105,0.597015,0.719807
9,0.531579,0.531579,0.677885
