QFNN256,OptimalNN256,ComputedNN256,MaxNN256
0,0.55122,0.587065,0.696262
1,0.54359,0.572165,0.7109
2,0.553846,0.587065,0.680952
3,0.553846,0.553846,0.696262
4,0.571429,0.6,0.691176
5,0.553846,0.595855,0.67619
6,0.532995,0.595122,0.695853
7,0.556122,0.593909,0.692308
8,0.544041,0.544041,0.674641
9,0.552764,0.552764,0.695455
