QFNN256,OptimalNN256,ComputedNN256,MaxNN256
1,0.566327,0.56701,0.70892
2,0.566327,0.585,0.725118
3,0.551546,0.582915,0.692308
4,0.550265,0.550265,0.70283
5,0.553763,0.581152,0.73913
6,0.564767,0.578947,0.70098
7,0.547872,0.576531,0.714286
8,0.551546,0.595,0.711628
9,0.530928,0.530928,0.701422
10,0.538462,0.563107,0.675799
