QFNN256,OptimalNN256,ComputedNN256,MaxNN256
0,0.54,0.586207,0.6875
1,0.565,0.588832,0.694175
2,0.573684,0.576531,0.709524
3,0.559585,0.572165,0.703349
4,0.53125,0.558376,0.70283
5,0.563158,0.567839,0.689655
6,0.542714,0.58,0.692308
7,0.560209,0.571429,0.698565
8,0.556701,0.58209,0.677725
9,0.561856,0.59799,0.697561
