QFNN256,OptimalNN256,ComputedNN256,MaxNN256
0,0.559406,0.576531,0.67619
1,0.549738,0.570681,0.692683
2,0.565,0.59901,0.700483
3,0.564767,0.574359,0.692683
4,0.543147,0.59,0.726415
5,0.567839,0.585859,0.721154
6,0.567708,0.581633,0.704762
7,0.581152,0.581152,0.741627
8,0.569231,0.586735,0.698113
9,0.561497,0.596859,0.713592
