QFNN256,OptimalNN256,ComputedNN256,MaxNN256
0,0.561856,0.561856,0.684466
1,0.555556,0.555556,0.679245
2,0.554404,0.554404,0.692661
3,0.578125,0.578125,0.710145
4,0.567708,0.567708,0.706161
5,0.57754,0.57754,0.703349
6,0.529101,0.561224,0.682464
7,0.53125,0.53125,0.704225
8,0.545455,0.545455,0.671362
9,0.555,0.555,0.698565
