QFNN256,OptimalNN256,ComputedNN256,MaxNN256
0,0.538462,0.562814,0.674757
1,0.544503,0.544503,0.708333
2,0.550265,0.579487,0.710145
3,0.566845,0.566845,0.696682
4,0.533333,0.533333,0.691244
5,0.549738,0.568528,0.681592
6,0.575,0.575,0.683962
7,0.553846,0.567164,0.668293
8,0.567708,0.580808,0.688372
9,0.538071,0.55102,0.687805
