QFNN256,OptimalNN256,ComputedNN256,MaxNN256
0,0.530303,0.562814,0.693023
1,0.566327,0.57732,0.732719
2,0.582011,0.583333,0.705314
3,0.568528,0.57,0.669856
4,0.546448,0.602094,0.703883
5,0.542105,0.556701,0.687204
6,0.564103,0.564103,0.694836
7,0.51269,0.560606,0.690141
8,0.570707,0.581633,0.695238
9,0.583756,0.589474,0.696682
