QFNN512,OptimalNN512,ComputedNN512,MaxNN512
0,0.559278,0.576142,0.685714
1,0.595908,0.595908,0.696517
2,0.582051,0.596977,0.667482
3,0.56701,0.58396,0.676471
4,0.588235,0.589744,0.692857
5,0.583333,0.583333,0.690647
6,0.585678,0.61194,0.7
7,0.583548,0.602532,0.672457
8,0.568528,0.598039,0.668246
9,0.580808,0.59596,0.669951
