QFNN512,OptimalNN512,ComputedNN512,MaxNN512
0,0.588972,0.608586,0.676399
1,0.588972,0.611399,0.673123
2,0.58377,0.604592,0.714286
3,0.580645,0.630769,0.684864
4,0.595908,0.601542,0.714286
5,0.580153,0.597468,0.678657
6,0.556122,0.605528,0.684337
7,0.576227,0.61,0.66988
8,0.57772,0.57772,0.675545
9,0.592308,0.609137,0.686131
