QFNN512,OptimalNN512,ComputedNN512,MaxNN512
0,0.578005,0.585,0.681928
1,0.578005,0.612903,0.686747
2,0.564557,0.564557,0.690821
3,0.595361,0.611675,0.686603
4,0.578811,0.578811,0.693431
5,0.596306,0.615776,0.683047
6,0.572917,0.600496,0.668305
7,0.568878,0.583756,0.667464
8,0.608924,0.628499,0.702899
9,0.583756,0.604592,0.68408
