QFNN512,OptimalNN512,ComputedNN512,MaxNN512
0,0.6,0.603053,0.67581
1,0.579487,0.579487,0.692857
2,0.571795,0.571795,0.66506
3,0.565217,0.589109,0.666667
4,0.597436,0.612091,0.678392
5,0.592784,0.618321,0.699519
6,0.586466,0.608374,0.669856
7,0.576826,0.592875,0.694313
8,0.580977,0.593052,0.670616
9,0.58209,0.582915,0.661058
