QFNN512,OptimalNN512,ComputedNN512,MaxNN512
0,0.595908,0.614035,0.694915
1,0.582915,0.597964,0.684964
2,0.568878,0.59542,0.683962
3,0.571072,0.571072,0.660377
4,0.58794,0.590674,0.686275
5,0.589812,0.607143,0.684729
6,0.600503,0.611675,0.679198
7,0.583979,0.612245,0.683824
8,0.573232,0.58396,0.672372
9,0.588689,0.593909,0.687943
