QFNN512,OptimalNN512,ComputedNN512,MaxNN512
0,0.587786,0.587786,0.669903
1,0.57732,0.578125,0.685366
2,0.6,0.6,0.678922
3,0.574742,0.574742,0.681055
4,0.561856,0.561856,0.688406
5,0.58377,0.58377,0.694175
6,0.599483,0.599483,0.6875
7,0.565432,0.575,0.665072
8,0.559494,0.559494,0.693587
9,0.579897,0.579897,0.678744
