QFNN512,OptimalNN512,ComputedNN512,MaxNN512
0,0.56658,0.59901,0.681818
1,0.602532,0.606061,0.68262
2,0.596401,0.619753,0.678922
3,0.588832,0.600503,0.67734
4,0.586466,0.588832,0.678832
5,0.582697,0.590793,0.676399
6,0.582051,0.582051,0.682152
7,0.582474,0.582474,0.685096
8,0.593434,0.595477,0.681818
9,0.583333,0.583333,0.682692
