QFNN512,OptimalNN512,ComputedNN512,MaxNN512
11,0.574627,0.610422,0.673709
12,0.576227,0.590331,0.682039
13,0.592405,0.614428,0.687961
14,0.603627,0.631579,0.685139
15,0.585678,0.57732,0.686747
16,0.563452,0.567839,0.676744
17,0.551813,0.5825,0.660147
18,0.572152,0.582051,0.670616
19,0.562827,0.6,0.673861
20,0.590206,0.612821,0.688564
