QFNN512,OptimalNN512,ComputedNN512,MaxNN512
0,0.598985,0.598985,0.693431
1,0.592875,0.592875,0.686603
2,0.57672,0.578406,0.689737
3,0.589744,0.589744,0.686603
4,0.587786,0.587786,0.699758
5,0.560606,0.560606,0.657957
6,0.585859,0.585859,0.68059
7,0.586387,0.586387,0.686567
8,0.579345,0.579345,0.670732
9,0.56599,0.56599,0.674641
