QFNN512,OptimalNN512,ComputedNN512,MaxNN512
0,0.576531,0.604938,0.674528
1,0.575309,0.607317,0.699284
2,0.584615,0.590206,0.658654
3,0.582278,0.590793,0.687805
4,0.578005,0.610837,0.681265
5,0.59126,0.59126,0.680288
6,0.585492,0.59949,0.682039
7,0.596899,0.606684,0.691566
8,0.582278,0.594458,0.673077
9,0.551181,0.551181,0.683047
