QFNN512,OptimalNN512,ComputedNN512,MaxNN512
0,0.581152,0.581152,0.681055
1,0.579345,0.579345,0.687651
2,0.569652,0.569652,0.669856
3,0.576227,0.576227,0.675743
4,0.561856,0.561856,0.693827
5,0.595801,0.605063,0.701456
6,0.58312,0.58312,0.677184
7,0.583333,0.587179,0.677108
8,0.587013,0.587013,0.674185
9,0.570681,0.576826,0.686893
