QFNN512,OptimalNN512,ComputedNN512,MaxNN512
0,0.56743,0.56743,0.674584
1,0.555844,0.555844,0.683951
2,0.594315,0.594315,0.674938
3,0.568182,0.568182,0.669951
4,0.583113,0.583113,0.687345
5,0.564767,0.564767,0.693237
6,0.5725,0.5725,0.682382
7,0.587629,0.587629,0.677108
8,0.579082,0.579082,0.666667
9,0.581047,0.581047,0.677725
