QFNN512,OptimalNN512,ComputedNN512,MaxNN512
0,0.595855,0.598985,0.684729
1,0.584184,0.584184,0.682039
2,0.57606,0.57606,0.673759
3,0.588083,0.588083,0.688725
4,0.576826,0.576826,0.68059
5,0.59335,0.59335,0.670762
6,0.590206,0.590206,0.703614
7,0.582474,0.582474,0.680488
8,0.580729,0.580729,0.672289
9,0.592784,0.592784,0.684729
