QFNN512,OptimalNN512,ComputedNN512,MaxNN512
0,0.561224,0.610256,0.670702
1,0.585242,0.585242,0.683215
2,0.583333,0.611825,0.691176
3,0.569231,0.598985,0.692308
4,0.583756,0.6075,0.664234
5,0.579345,0.586294,0.677966
6,0.558081,0.592138,0.660287
7,0.565104,0.598465,0.680288
8,0.564103,0.594388,0.681928
9,0.580311,0.588384,0.666667
