QFNN512,OptimalNN512,ComputedNN512,MaxNN512
0,0.588689,0.588689,0.687793
1,0.563452,0.563452,0.664234
2,0.608924,0.608924,0.689655
3,0.592784,0.592784,0.681592
4,0.6,0.6,0.691358
5,0.588384,0.588384,0.683575
6,0.572519,0.572519,0.669927
7,0.58481,0.58481,0.691176
8,0.567282,0.567282,0.679707
9,0.566832,0.566832,0.664286
