QFNN512,OptimalNN512,ComputedNN512,MaxNN512
0,0.588083,0.588083,0.68642
1,0.579082,0.580563,0.672986
2,0.583756,0.583756,0.690244
3,0.579082,0.579082,0.672457
4,0.577215,0.6,0.694175
5,0.572917,0.597368,0.704156
6,0.598446,0.598446,0.691542
7,0.584615,0.584615,0.679335
8,0.594595,0.594595,0.677885
9,0.569948,0.569948,0.689487
